[{"pk": 1, "model": "openn.document", "fields": {"tei_file_name": null, "call_number": "Ms. Codex 1223", "title": "Fragments of the Digests of Justinian, Book 37, Titles 7-9", "tei_xml": "<?xml version='1.0' encoding='UTF-8'?>\n<TEI xmlns=\"http://www.tei-c.org/ns/1.0\" xmlns:tei=\"http://www.tei-c.org/ns/1.0\">\n  <teiHeader>\n    <fileDesc>\n      <titleStmt>\n        <title>Description of Ms. Codex 1223 - Fragments of the Digests of Justinian, Book 37, Titles 7-9 (1400-1499)</title>\n      </titleStmt>\n      <publicationStmt>\n        <publisher>Schoenberg Center for Electronic Text and Image, University of Pennsylvania</publisher>\n        <availability>\n          <licence target=\"http://creativecommons.org/licenses/by-nc/4.0/legalcode\">\n                            This work and all referenced images are \u00a92014 University of Pennsylvania. They are licensed under a Creative Commons Attribution-NonCommercial 4.0 International License (CC BY-NC 4.0), http://creativecommons.org/licenses/by-nc/4.0/.\n                          </licence>\n        </availability>\n      </publicationStmt>\n      <sourceDesc>\n        <msDesc>\n          <msIdentifier>\n            <settlement>Philadelphia</settlement>\n            <institution>University of Pennsylvania</institution>\n            <repository>Rare Book &amp; Manuscript Library</repository>\n            <idno>Ms. Codex 1223</idno>\n          </msIdentifier>\n          <msContents>\n            <summary>Bifolium with fragments from Book 37 of the Digests of Justinian I (Byzantine emperor, 527-565), containing (in order) sections of Title 7 on dowries, Title 9 on inheritance, and Title 8 on the children of marriages in which one partner is an emancipated slave. The text is surrounded by 15th-century commentary on the laws.</summary>\n            <textLang>Latin</textLang>\n            <msItem>\n              <title>Fragments of the Digests of Justinian, Book 37, Titles 7-9</title>\n            </msItem>\n          </msContents>\n          <physDesc>\n            <decoDesc>\n              <decoNote n=\"1v\">Puzzle initial, Initial S, f. 1v</decoNote>\n            </decoDesc>\n          </physDesc>\n          <history>\n            <origin>\n              <origDate>1400-1499</origDate>\n              <origPlace>France?</origPlace>\n            </origin>\n          </history>\n        </msDesc>\n      </sourceDesc>\n    </fileDesc>\n  </teiHeader>\n  <facsimile>\n    <surface n=\"Front cover\">\n      <graphic height=\"200px\" url=\"web/0001_0000_web.jpg\" width=\"140px\"/>\n      <graphic height=\"200px\" url=\"master/0001_0000.tif\" width=\"140px\"/>\n      <graphic height=\"190px\" url=\"thumb/0001_0000_thumb.jpg\" width=\"133px\"/>\n    </surface>\n    <surface n=\"Inside front cover\">\n      <graphic height=\"200px\" url=\"web/0001_0001_web.jpg\" width=\"147px\"/>\n      <graphic height=\"200px\" url=\"master/0001_0001.tif\" width=\"147px\"/>\n      <graphic height=\"190px\" url=\"thumb/0001_0001_thumb.jpg\" width=\"139px\"/>\n    </surface>\n    <surface n=\"[Flyleaf 1 recto]\">\n      <graphic height=\"200px\" url=\"web/0001_0002_web.jpg\" width=\"147px\"/>\n      <graphic height=\"200px\" url=\"master/0001_0002.tif\" width=\"147px\"/>\n      <graphic height=\"190px\" url=\"thumb/0001_0002_thumb.jpg\" width=\"139px\"/>\n    </surface>\n    <surface n=\"[Flyleaf 1 verso]\">\n      <graphic height=\"200px\" url=\"web/0001_0003_web.jpg\" width=\"147px\"/>\n      <graphic height=\"200px\" url=\"master/0001_0003.tif\" width=\"147px\"/>\n      <graphic height=\"190px\" url=\"thumb/0001_0003_thumb.jpg\" width=\"139px\"/>\n    </surface>\n    <surface n=\"1r\">\n      <graphic height=\"200px\" url=\"web/0001_0004_web.jpg\" width=\"147px\"/>\n      <graphic height=\"200px\" url=\"master/0001_0004.tif\" width=\"147px\"/>\n      <graphic height=\"190px\" url=\"thumb/0001_0004_thumb.jpg\" width=\"139px\"/>\n    </surface>\n    <surface n=\"1v\">\n      <graphic height=\"200px\" url=\"web/0001_0005_web.jpg\" width=\"147px\"/>\n      <graphic height=\"200px\" url=\"master/0001_0005.tif\" width=\"147px\"/>\n      <graphic height=\"190px\" url=\"thumb/0001_0005_thumb.jpg\" width=\"139px\"/>\n    </surface>\n    <surface n=\"2r\">\n      <graphic height=\"200px\" url=\"web/0001_0006_web.jpg\" width=\"147px\"/>\n      <graphic height=\"200px\" url=\"master/0001_0006.tif\" width=\"147px\"/>\n      <graphic height=\"190px\" url=\"thumb/0001_0006_thumb.jpg\" width=\"139px\"/>\n    </surface>\n    <surface n=\"2v\">\n      <graphic height=\"200px\" url=\"web/0001_0007_web.jpg\" width=\"147px\"/>\n      <graphic height=\"200px\" url=\"master/0001_0007.tif\" width=\"147px\"/>\n      <graphic height=\"190px\" url=\"thumb/0001_0007_thumb.jpg\" width=\"139px\"/>\n    </surface>\n    <surface n=\"[Flyleaf 1 recto]\">\n      <graphic height=\"200px\" url=\"web/0001_0008_web.jpg\" width=\"147px\"/>\n      <graphic height=\"200px\" url=\"master/0001_0008.tif\" width=\"147px\"/>\n      <graphic height=\"190px\" url=\"thumb/0001_0008_thumb.jpg\" width=\"139px\"/>\n    </surface>\n    <surface n=\"[Flyleaf 1 verso]\">\n      <graphic height=\"200px\" url=\"web/0001_0009_web.jpg\" width=\"147px\"/>\n      <graphic height=\"200px\" url=\"master/0001_0009.tif\" width=\"147px\"/>\n      <graphic height=\"190px\" url=\"thumb/0001_0009_thumb.jpg\" width=\"139px\"/>\n    </surface>\n    <surface n=\"Inside back cover\">\n      <graphic height=\"200px\" url=\"web/0001_0010_web.jpg\" width=\"147px\"/>\n      <graphic height=\"200px\" url=\"master/0001_0010.tif\" width=\"147px\"/>\n      <graphic height=\"190px\" url=\"thumb/0001_0010_thumb.jpg\" width=\"139px\"/>\n    </surface>\n    <surface n=\"Back cover\">\n      <graphic height=\"200px\" url=\"web/0001_0011_web.jpg\" width=\"140px\"/>\n      <graphic height=\"200px\" url=\"master/0001_0011.tif\" width=\"140px\"/>\n      <graphic height=\"190px\" url=\"thumb/0001_0011_thumb.jpg\" width=\"133px\"/>\n    </surface>\n    <surface n=\"Spine\">\n      <graphic height=\"200px\" url=\"web/0001_0012_web.jpg\" width=\"140px\"/>\n      <graphic height=\"200px\" url=\"master/0001_0012.tif\" width=\"140px\"/>\n      <graphic height=\"190px\" url=\"thumb/0001_0012_thumb.jpg\" width=\"133px\"/>\n    </surface>\n  </facsimile>\n</TEI>\n", "created": "2014-10-08T17:36:35.836", "updated": "2014-10-08T17:36:36.451", "collection": "medren", "is_online": false, "base_dir": "mscodex1223"}}, {"pk": 1, "model": "openn.image", "fields": {"image_type": "document", "filename": "data/mscodex1223_wk1_front0001.tif", "document": 1, "order": 0, "label": "Front cover"}}, {"pk": 2, "model": "openn.image", "fields": {"image_type": "document", "filename": "data/mscodex1223_wk1_front0002.tif", "document": 1, "order": 1, "label": "Inside front cover"}}, {"pk": 3, "model": "openn.image", "fields": {"image_type": "document", "filename": "data/mscodex1223_wk1_front0003.tif", "document": 1, "order": 2, "label": "[Flyleaf 1 recto]"}}, {"pk": 4, "model": "openn.image", "fields": {"image_type": "document", "filename": "data/mscodex1223_wk1_front0004.tif", "document": 1, "order": 3, "label": "[Flyleaf 1 verso]"}}, {"pk": 5, "model": "openn.image", "fields": {"image_type": "document", "filename": "data/mscodex1223_wk1_body0001.tif", "document": 1, "order": 4, "label": "1r"}}, {"pk": 6, "model": "openn.image", "fields": {"image_type": "document", "filename": "data/mscodex1223_wk1_body0002.tif", "document": 1, "order": 5, "label": "1v"}}, {"pk": 7, "model": "openn.image", "fields": {"image_type": "document", "filename": "data/mscodex1223_wk1_body0003.tif", "document": 1, "order": 6, "label": "2r"}}, {"pk": 8, "model": "openn.image", "fields": {"image_type": "document", "filename": "data/mscodex1223_wk1_body0004.tif", "document": 1, "order": 7, "label": "2v"}}, {"pk": 9, "model": "openn.image", "fields": {"image_type": "document", "filename": "data/mscodex1223_wk1_back0001.tif", "document": 1, "order": 8, "label": "[Flyleaf 1 recto]"}}, {"pk": 10, "model": "openn.image", "fields": {"image_type": "document", "filename": "data/mscodex1223_wk1_back0002.tif", "document": 1, "order": 9, "label": "[Flyleaf 1 verso]"}}, {"pk": 11, "model": "openn.image", "fields": {"image_type": "document", "filename": "data/mscodex1223_wk1_back0003.tif", "document": 1, "order": 10, "label": "Inside back cover"}}, {"pk": 12, "model": "openn.image", "fields": {"image_type": "document", "filename": "data/mscodex1223_wk1_back0004.tif", "document": 1, "order": 11, "label": "Back cover"}}, {"pk": 13, "model": "openn.image", "fields": {"image_type": "document", "filename": "data/mscodex1223_wk1_back0005.tif", "document": 1, "order": 12, "label": "Spine"}}, {"pk": 14, "model": "openn.image", "fields": {"image_type": "extra", "filename": "data/mscodex1589_test ref1_1.tif", "document": 1, "order": 13, "label": "None"}}, {"pk": 1, "model": "openn.derivative", "fields": {"image": 1, "bytes": 6438, "deriv_type": "web", "height": 200, "width": 140, "path": "data/web/0001_0000_web.jpg"}}, {"pk": 2, "model": "openn.derivative", "fields": {"image": 1, "bytes": 88634, "deriv_type": "master", "height": 200, "width": 140, "path": "data/master/0001_0000.tif"}}, {"pk": 3, "model": "openn.derivative", "fields": {"image": 1, "bytes": 6228, "deriv_type": "thumb", "height": 190, "width": 133, "path": "data/thumb/0001_0000_thumb.jpg"}}, {"pk": 4, "model": "openn.derivative", "fields": {"image": 2, "bytes": 6299, "deriv_type": "web", "height": 200, "width": 147, "path": "data/web/0001_0001_web.jpg"}}, {"pk": 5, "model": "openn.derivative", "fields": {"image": 2, "bytes": 92842, "deriv_type": "master", "height": 200, "width": 147, "path": "data/master/0001_0001.tif"}}, {"pk": 6, "model": "openn.derivative", "fields": {"image": 2, "bytes": 6120, "deriv_type": "thumb", "height": 190, "width": 139, "path": "data/thumb/0001_0001_thumb.jpg"}}, {"pk": 7, "model": "openn.derivative", "fields": {"image": 3, "bytes": 6277, "deriv_type": "web", "height": 200, "width": 147, "path": "data/web/0001_0002_web.jpg"}}, {"pk": 8, "model": "openn.derivative", "fields": {"image": 3, "bytes": 92842, "deriv_type": "master", "height": 200, "width": 147, "path": "data/master/0001_0002.tif"}}, {"pk": 9, "model": "openn.derivative", "fields": {"image": 3, "bytes": 6159, "deriv_type": "thumb", "height": 190, "width": 139, "path": "data/thumb/0001_0002_thumb.jpg"}}, {"pk": 10, "model": "openn.derivative", "fields": {"image": 4, "bytes": 6316, "deriv_type": "web", "height": 200, "width": 147, "path": "data/web/0001_0003_web.jpg"}}, {"pk": 11, "model": "openn.derivative", "fields": {"image": 4, "bytes": 92842, "deriv_type": "master", "height": 200, "width": 147, "path": "data/master/0001_0003.tif"}}, {"pk": 12, "model": "openn.derivative", "fields": {"image": 4, "bytes": 6129, "deriv_type": "thumb", "height": 190, "width": 139, "path": "data/thumb/0001_0003_thumb.jpg"}}, {"pk": 13, "model": "openn.derivative", "fields": {"image": 5, "bytes": 9922, "deriv_type": "web", "height": 200, "width": 147, "path": "data/web/0001_0004_web.jpg"}}, {"pk": 14, "model": "openn.derivative", "fields": {"image": 5, "bytes": 92842, "deriv_type": "master", "height": 200, "width": 147, "path": "data/master/0001_0004.tif"}}, {"pk": 15, "model": "openn.derivative", "fields": {"image": 5, "bytes": 9121, "deriv_type": "thumb", "height": 190, "width": 139, "path": "data/thumb/0001_0004_thumb.jpg"}}, {"pk": 16, "model": "openn.derivative", "fields": {"image": 6, "bytes": 9801, "deriv_type": "web", "height": 200, "width": 147, "path": "data/web/0001_0005_web.jpg"}}, {"pk": 17, "model": "openn.derivative", "fields": {"image": 6, "bytes": 92842, "deriv_type": "master", "height": 200, "width": 147, "path": "data/master/0001_0005.tif"}}, {"pk": 18, "model": "openn.derivative", "fields": {"image": 6, "bytes": 8991, "deriv_type": "thumb", "height": 190, "width": 139, "path": "data/thumb/0001_0005_thumb.jpg"}}, {"pk": 19, "model": "openn.derivative", "fields": {"image": 7, "bytes": 10232, "deriv_type": "web", "height": 200, "width": 147, "path": "data/web/0001_0006_web.jpg"}}, {"pk": 20, "model": "openn.derivative", "fields": {"image": 7, "bytes": 92842, "deriv_type": "master", "height": 200, "width": 147, "path": "data/master/0001_0006.tif"}}, {"pk": 21, "model": "openn.derivative", "fields": {"image": 7, "bytes": 9367, "deriv_type": "thumb", "height": 190, "width": 139, "path": "data/thumb/0001_0006_thumb.jpg"}}, {"pk": 22, "model": "openn.derivative", "fields": {"image": 8, "bytes": 10029, "deriv_type": "web", "height": 200, "width": 147, "path": "data/web/0001_0007_web.jpg"}}, {"pk": 23, "model": "openn.derivative", "fields": {"image": 8, "bytes": 92842, "deriv_type": "master", "height": 200, "width": 147, "path": "data/master/0001_0007.tif"}}, {"pk": 24, "model": "openn.derivative", "fields": {"image": 8, "bytes": 9109, "deriv_type": "thumb", "height": 190, "width": 139, "path": "data/thumb/0001_0007_thumb.jpg"}}, {"pk": 25, "model": "openn.derivative", "fields": {"image": 9, "bytes": 6389, "deriv_type": "web", "height": 200, "width": 147, "path": "data/web/0001_0008_web.jpg"}}, {"pk": 26, "model": "openn.derivative", "fields": {"image": 9, "bytes": 92842, "deriv_type": "master", "height": 200, "width": 147, "path": "data/master/0001_0008.tif"}}, {"pk": 27, "model": "openn.derivative", "fields": {"image": 9, "bytes": 6141, "deriv_type": "thumb", "height": 190, "width": 139, "path": "data/thumb/0001_0008_thumb.jpg"}}, {"pk": 28, "model": "openn.derivative", "fields": {"image": 10, "bytes": 6290, "deriv_type": "web", "height": 200, "width": 147, "path": "data/web/0001_0009_web.jpg"}}, {"pk": 29, "model": "openn.derivative", "fields": {"image": 10, "bytes": 92842, "deriv_type": "master", "height": 200, "width": 147, "path": "data/master/0001_0009.tif"}}, {"pk": 30, "model": "openn.derivative", "fields": {"image": 10, "bytes": 6129, "deriv_type": "thumb", "height": 190, "width": 139, "path": "data/thumb/0001_0009_thumb.jpg"}}, {"pk": 31, "model": "openn.derivative", "fields": {"image": 11, "bytes": 6424, "deriv_type": "web", "height": 200, "width": 147, "path": "data/web/0001_0010_web.jpg"}}, {"pk": 32, "model": "openn.derivative", "fields": {"image": 11, "bytes": 92842, "deriv_type": "master", "height": 200, "width": 147, "path": "data/master/0001_0010.tif"}}, {"pk": 33, "model": "openn.derivative", "fields": {"image": 11, "bytes": 6090, "deriv_type": "thumb", "height": 190, "width": 139, "path": "data/thumb/0001_0010_thumb.jpg"}}, {"pk": 34, "model": "openn.derivative", "fields": {"image": 12, "bytes": 6319, "deriv_type": "web", "height": 200, "width": 140, "path": "data/web/0001_0011_web.jpg"}}, {"pk": 35, "model": "openn.derivative", "fields": {"image": 12, "bytes": 88634, "deriv_type": "master", "height": 200, "width": 140, "path": "data/master/0001_0011.tif"}}, {"pk": 36, "model": "openn.derivative", "fields": {"image": 12, "bytes": 6159, "deriv_type": "thumb", "height": 190, "width": 133, "path": "data/thumb/0001_0011_thumb.jpg"}}, {"pk": 37, "model": "openn.derivative", "fields": {"image": 13, "bytes": 5849, "deriv_type": "web", "height": 200, "width": 140, "path": "data/web/0001_0012_web.jpg"}}, {"pk": 38, "model": "openn.derivative", "fields": {"image": 13, "bytes": 88634, "deriv_type": "master", "height": 200, "width": 140, "path": "data/master/0001_0012.tif"}}, {"pk": 39, "model": "openn.derivative", "fields": {"image": 13, "bytes": 5697, "deriv_type": "thumb", "height": 190, "width": 133, "path": "data/thumb/0001_0012_thumb.jpg"}}, {"pk": 40, "model": "openn.derivative", "fields": {"image": 14, "bytes": 92470, "deriv_type": "master", "height": 200, "width": 150, "path": "data/extra/mscodex1589_test_ref1_1.tif"}}, {"pk": 1, "model": "south.migrationhistory", "fields": {"applied": "2014-10-08T17:32:40.807", "app_name": "openn", "migration": "0001_initial"}}, {"pk": 2, "model": "south.migrationhistory", "fields": {"applied": "2014-10-08T17:32:40.814", "app_name": "openn", "migration": "0002_auto__add_field_document_is_online"}}, {"pk": 3, "model": "south.migrationhistory", "fields": {"applied": "2014-10-08T17:32:40.824", "app_name": "openn", "migration": "0003_auto__add_field_document_base_dir__add_field_document_tei_file_name"}}, {"pk": 4, "model": "south.migrationhistory", "fields": {"applied": "2014-10-08T17:32:40.835", "app_name": "openn", "migration": "0004_auto__add_field_document_colletion__chg_field_document_base_dir"}}, {"pk": 5, "model": "south.migrationhistory", "fields": {"applied": "2014-10-08T17:32:40.847", "app_name": "openn", "migration": "0005_auto__del_field_document_colletion__add_field_document_collection__add"}}, {"pk": 6, "model": "south.migrationhistory", "fields": {"applied": "2014-10-08T17:32:40.855", "app_name": "openn", "migration": "0006_auto__del_unique_document_collection_call_number__add_unique_document_"}}, {"pk": 7, "model": "south.migrationhistory", "fields": {"applied": "2014-10-08T17:32:40.871", "app_name": "openn", "migration": "0007_auto__add_image__add_derivative"}}, {"pk": 8, "model": "south.migrationhistory", "fields": {"applied": "2014-10-08T17:32:40.885", "app_name": "openn", "migration": "0008_auto__del_field_derivative_component__add_field_derivative_image"}}, {"pk": 9, "model": "south.migrationhistory", "fields": {"applied": "2014-10-08T17:32:40.897", "app_name": "openn", "migration": "0009_auto__add_field_document_title"}}, {"pk": 10, "model": "south.migrationhistory", "fields": {"applied": "2014-10-08T17:32:40.908", "app_name": "openn", "migration": "0010_auto__add_field_document_tei_xml"}}, {"pk": 11, "model": "south.migrationhistory", "fields": {"applied": "2014-10-08T17:32:40.915", "app_name": "django_extensions", "migration": "0001_empty"}}]